id,name,read,pattern,sequence,feature_type
CD86,anti-human CD86,R2,5PNNNNNNNNNN(BC)NNNNNNNNN,GTCTTTGTCAGTGCA,Antibody Capture
CD274,"anti-human CD274 (B7-H1, PD-L1)",R2,5PNNNNNNNNNN(BC)NNNNNNNNN,GTTGTCCGACAATAC,Antibody Capture
TNFRSF14,"anti-human CD270 (HVEM, TR2)",R2,5PNNNNNNNNNN(BC)NNNNNNNNN,TGATAGAAACAGACC,Antibody Capture
PVR,anti-human CD155 (PVR),R2,5PNNNNNNNNNN(BC)NNNNNNNNN,ATCACATCGTTGCCA,Antibody Capture
NECTIN2,anti-human CD112 (Nectin-2),R2,5PNNNNNNNNNN(BC)NNNNNNNNN,AACCTTCCGTCTAAG,Antibody Capture
CD47,anti-human CD47,R2,5PNNNNNNNNNN(BC)NNNNNNNNN,GCATTCTGTCACCTA,Antibody Capture
CD48,anti-human CD48,R2,5PNNNNNNNNNN(BC)NNNNNNNNN,CTACGACGTAGAAGA,Antibody Capture
CD40,anti-human CD40,R2,5PNNNNNNNNNN(BC)NNNNNNNNN,CTCAGATGGAGTATG,Antibody Capture
CD40LG,anti-human CD154,R2,5PNNNNNNNNNN(BC)NNNNNNNNN,GCTAGATAGATGCAA,Antibody Capture
CD52,anti-human CD52,R2,5PNNNNNNNNNN(BC)NNNNNNNNN,CTTTGTACGAGCAAA,Antibody Capture
CD3D,anti-human CD3,R2,5PNNNNNNNNNN(BC)NNNNNNNNN,CTCATTGTAACTCCT,Antibody Capture
CD8A,anti-human CD8,R2,5PNNNNNNNNNN(BC)NNNNNNNNN,GCGCAACTTGATGAT,Antibody Capture
NCAM1,anti-human CD56,R2,5PNNNNNNNNNN(BC)NNNNNNNNN,TCCTTTCCTGATAGG,Antibody Capture
CD19,anti-human CD19,R2,5PNNNNNNNNNN(BC)NNNNNNNNN,CTGGGCAATTACTCG,Antibody Capture
CD33,anti-human CD33,R2,5PNNNNNNNNNN(BC)NNNNNNNNN,TAACTCAGGGCCTAT,Antibody Capture
ITGAX,anti-human CD11c,R2,5PNNNNNNNNNN(BC)NNNNNNNNN,TACGCCTATAACTTG,Antibody Capture
HLA-A,"anti-human HLA-A,B,C",R2,5PNNNNNNNNNN(BC)NNNNNNNNN,TATGCGAGGCTTATC,Antibody Capture
PTPRC_A,anti-human CD45RA,R2,5PNNNNNNNNNN(BC)NNNNNNNNN,TCAATCCTTCCGCTT,Antibody Capture
IL3RA,anti-human CD123,R2,5PNNNNNNNNNN(BC)NNNNNNNNN,CTTCACTCTGTCAGG,Antibody Capture
CD7,anti-human CD7,R2,5PNNNNNNNNNN(BC)NNNNNNNNN,TGGATTCCCGGACTT,Antibody Capture
ENG,anti-human CD105,R2,5PNNNNNNNNNN(BC)NNNNNNNNN,ATCGTCGAGAGCTAG,Antibody Capture
ITGA6,anti-human/mouse CD49f,R2,5PNNNNNNNNNN(BC)NNNNNNNNN,TTCCGAGGATGATCT,Antibody Capture
CCR4,anti-human CD194 (CCR4),R2,5PNNNNNNNNNN(BC)NNNNNNNNN,AGCTTACCTGCACGA,Antibody Capture
CD4,anti-human CD4,R2,5PNNNNNNNNNN(BC)NNNNNNNNN,TGTTCCCGCTCAACT,Antibody Capture
CD44,anti-mouse/human CD44,R2,5PNNNNNNNNNN(BC)NNNNNNNNN,TGGCTTCAGGTCCTA,Antibody Capture
CD14,anti-human CD14,R2,5PNNNNNNNNNN(BC)NNNNNNNNN,TCTCAGACCTCCGTA,Antibody Capture
FCGR3A,anti-human CD16,R2,5PNNNNNNNNNN(BC)NNNNNNNNN,AAGTTCACTCTTTGC,Antibody Capture
IL2RA,anti-human CD25,R2,5PNNNNNNNNNN(BC)NNNNNNNNN,TTTGTCCTGTACGCC,Antibody Capture
PTPRC_O,anti-human CD45RO,R2,5PNNNNNNNNNN(BC)NNNNNNNNN,CTCCGAATCATGTTG,Antibody Capture
PDCD1,anti-human CD279,R2,5PNNNNNNNNNN(BC)NNNNNNNNN,ACAGCGCCGTATTTA,Antibody Capture
TIGIT,anti-human TIGIT (VSTM3),R2,5PNNNNNNNNNN(BC)NNNNNNNNN,TTGCTTACCGCCAGA,Antibody Capture
m_IgG1_kCtrl,"Mouse IgG1, kappa isotype Ctrl",R2,5PNNNNNNNNNN(BC)NNNNNNNNN,GCCGGACGACATTAA,Antibody Capture
m_IgG2a_kCtrl,"Mouse IgG2a, kappa isotype Ctrl",R2,5PNNNNNNNNNN(BC)NNNNNNNNN,CTCCTACCTAAACTG,Antibody Capture
m_IgG2b_kCtrl,"Mouse IgG2b, kappa isotype Ctrl",R2,5PNNNNNNNNNN(BC)NNNNNNNNN,ATATGTATCACGCGA,Antibody Capture
r_IgG2b_kCtrl,"Rat IgG2b, kappa Isotype Ctrl",R2,5PNNNNNNNNNN(BC)NNNNNNNNN,GATTCTTGACGACCT,Antibody Capture
MS4A1,anti-human CD20,R2,5PNNNNNNNNNN(BC)NNNNNNNNN,TTCTGGGTCCCTAGA,Antibody Capture
NCR1,anti-human CD335 (NKp46),R2,5PNNNNNNNNNN(BC)NNNNNNNNN,ACAATTTGAACAGCG,Antibody Capture
PECAM1,anti-human CD31,R2,5PNNNNNNNNNN(BC)NNNNNNNNN,ACCTTTATGCCACGG,Antibody Capture
MCAM,anti-human CD146,R2,5PNNNNNNNNNN(BC)NNNNNNNNN,CCTTGGATAACATCA,Antibody Capture
IGHM,anti-human IgM,R2,5PNNNNNNNNNN(BC)NNNNNNNNN,TAGCGAGCCCGTATA,Antibody Capture
CD5,anti-human CD5,R2,5PNNNNNNNNNN(BC)NNNNNNNNN,CATTAACGGGATGCC,Antibody Capture
CXCR3,anti-human CD183 (CXCR3),R2,5PNNNNNNNNNN(BC)NNNNNNNNN,GCGATGGTAGATTAT,Antibody Capture
CCR5,anti-human CD195 (CCR5),R2,5PNNNNNNNNNN(BC)NNNNNNNNN,CCAAAGTAAGAGCCA,Antibody Capture
FCGR2A,anti-human CD32,R2,5PNNNNNNNNNN(BC)NNNNNNNNN,GCTTCCGAATTACCG,Antibody Capture
CCR6,anti-human CD196 (CCR6),R2,5PNNNNNNNNNN(BC)NNNNNNNNN,GATCCCTTTGTCACT,Antibody Capture
CXCR5,anti-human CD185 (CXCR5),R2,5PNNNNNNNNNN(BC)NNNNNNNNN,AATTCAACCGTCGCC,Antibody Capture
ITGAE,anti-human CD103 (Integrin E),R2,5PNNNNNNNNNN(BC)NNNNNNNNN,GACCTCATTGTGAAT,Antibody Capture
CD69,anti-human CD69,R2,5PNNNNNNNNNN(BC)NNNNNNNNN,GTCTCTTGGCTTAAA,Antibody Capture
SELL,anti-human CD62L,R2,5PNNNNNNNNNN(BC)NNNNNNNNN,GTCCCTGCAACTTGA,Antibody Capture
KLRB1,anti-human CD161,R2,5PNNNNNNNNNN(BC)NNNNNNNNN,GTACGCAGTCCTTCT,Antibody Capture
CTLA4,anti-human CD152 (CTLA-4),R2,5PNNNNNNNNNN(BC)NNNNNNNNN,ATGGTTCACGTAATC,Antibody Capture
LAG3,anti-human CD223 (LAG-3),R2,5PNNNNNNNNNN(BC)NNNNNNNNN,CATTTGTCTGCCGGT,Antibody Capture
KLRG1,anti-human KLRG1 (MAFA),R2,5PNNNNNNNNNN(BC)NNNNNNNNN,CTTATTTCCTGCCCT,Antibody Capture
CD27,anti-human CD27,R2,5PNNNNNNNNNN(BC)NNNNNNNNN,GCACTCCTGCATGTA,Antibody Capture
LAMP1,anti-human CD107a (LAMP-1),R2,5PNNNNNNNNNN(BC)NNNNNNNNN,CAGCCCACTGCAATA,Antibody Capture
FAS,anti-human CD95 (Fas),R2,5PNNNNNNNNNN(BC)NNNNNNNNN,CCAGCTCATTAGAGC,Antibody Capture
TNFRSF4,anti-human CD134 (OX40),R2,5PNNNNNNNNNN(BC)NNNNNNNNN,AACCCACCGTTGTTA,Antibody Capture
HLA-DRA,anti-human HLA-DR,R2,5PNNNNNNNNNN(BC)NNNNNNNNN,AATAGCGAGCAAGTA,Antibody Capture
CD1C,anti-human CD1c,R2,5PNNNNNNNNNN(BC)NNNNNNNNN,GAGCTACTTCACTCG,Antibody Capture
ITGAM,anti-human CD11b,R2,5PNNNNNNNNNN(BC)NNNNNNNNN,GACAAGTGATCTGCA,Antibody Capture
FCGR1A,anti-human CD64,R2,5PNNNNNNNNNN(BC)NNNNNNNNN,AAGTATGCCCTACGA,Antibody Capture
THBD,anti-human CD141 (Thrombomodulin),R2,5PNNNNNNNNNN(BC)NNNNNNNNN,GGATAACCGCGCTTT,Antibody Capture
CD1D,anti-human CD1d,R2,5PNNNNNNNNNN(BC)NNNNNNNNN,TCGAGTCGCTTATCA,Antibody Capture
KLRK1,anti-human CD314 (NKG2D),R2,5PNNNNNNNNNN(BC)NNNNNNNNN,CGTGTTTGTTCCTCA,Antibody Capture
CR1,anti-human CD35,R2,5PNNNNNNNNNN(BC)NNNNNNNNN,ACTTCCGTCGATCTT,Antibody Capture
B3GAT1,anti-human CD57 Recombinant,R2,5PNNNNNNNNNN(BC)NNNNNNNNN,AACTCCCTATGGAGG,Antibody Capture
BTLA,anti-human CD272 (BTLA),R2,5PNNNNNNNNNN(BC)NNNNNNNNN,GTTATTGGACTAAGG,Antibody Capture
ICOS,anti-human/mouse/rat CD278 (ICOS),R2,5PNNNNNNNNNN(BC)NNNNNNNNN,CGCGCACCCATTAAA,Antibody Capture
CD58,anti-human CD58 (LFA-3),R2,5PNNNNNNNNNN(BC)NNNNNNNNN,GTTCCTATGGACGAC,Antibody Capture
ENTPD1,anti-human CD39,R2,5PNNNNNNNNNN(BC)NNNNNNNNN,TTACCTGGTATCCGT,Antibody Capture
CX3CR1,anti-human CX3CR1,R2,5PNNNNNNNNNN(BC)NNNNNNNNN,AGTATCGTCTCTGGG,Antibody Capture
CD24,anti-human CD24,R2,5PNNNNNNNNNN(BC)NNNNNNNNN,AGATTCCTTCGTGTT,Antibody Capture
CR2,anti-human CD21,R2,5PNNNNNNNNNN(BC)NNNNNNNNN,AACCTAGTAGTTCGG,Antibody Capture
ITGAL,anti-human CD11a,R2,5PNNNNNNNNNN(BC)NNNNNNNNN,TATATCCTTGTGAGC,Antibody Capture
CD79B,anti-human CD79b (Ig),R2,5PNNNNNNNNNN(BC)NNNNNNNNN,ATTCTTCAACCGAAG,Antibody Capture
CD244,anti-human CD244 (2B4),R2,5PNNNNNNNNNN(BC)NNNNNNNNN,TCGCTTGGATGGTAG,Antibody Capture
SIGLEC1,"anti-human CD169 (Sialoadhesin, Siglec-1)",R2,5PNNNNNNNNNN(BC)NNNNNNNNN,TACTCAGCGTGTTTG,Antibody Capture
ITGB7,anti-human/mouse integrin beta7,R2,5PNNNNNNNNNN(BC)NNNNNNNNN,TCCTTGGATGTACCG,Antibody Capture
TNFRSF13C,anti-human CD268 (BAFF-R),R2,5PNNNNNNNNNN(BC)NNNNNNNNN,CGAAGTCGATCCGTA,Antibody Capture
GP1BB,anti-human CD42b,R2,5PNNNNNNNNNN(BC)NNNNNNNNN,TCCTAGTACCGAAGT,Antibody Capture
ICAM1,anti-human CD54,R2,5PNNNNNNNNNN(BC)NNNNNNNNN,CTGATAGACTTGAGT,Antibody Capture
SELP,anti-human CD62P (P-Selectin),R2,5PNNNNNNNNNN(BC)NNNNNNNNN,CCTTCCGTATCCCTT,Antibody Capture
IFNGR1,anti-human CD119 (IFN-gamma R alpha chain),R2,5PNNNNNNNNNN(BC)NNNNNNNNN,TGTGTATTCCCTTGT,Antibody Capture
h_TCR_ab,anti-human TCR alpha/beta,R2,5PNNNNNNNNNN(BC)NNNNNNNNN,CGTAACGTAGAGCGA,Antibody Capture
r_IgG1_kCtrl,"Rat IgG1, kappa isotype Ctrl",R2,5PNNNNNNNNNN(BC)NNNNNNNNN,ATCAGATGCCCTCAT,Antibody Capture
r_IgG2a_kCtrl,"Rat IgG2a, kappa Isotype Ctrl",R2,5PNNNNNNNNNN(BC)NNNNNNNNN,AAGTCAGGTTCGTTT,Antibody Capture
Ah_IgG_Ctrl,Armenian Hamster IgG Isotype Ctrl,R2,5PNNNNNNNNNN(BC)NNNNNNNNN,CCTGTCATTAAGACT,Antibody Capture
IL2RB,anti-human CD122 (IL-2Rbeta),R2,5PNNNNNNNNNN(BC)NNNNNNNNN,TCATTTCCTCCGATT,Antibody Capture
TNFRSF13B,anti-human CD267 (TACI),R2,5PNNNNNNNNNN(BC)NNNNNNNNN,AGTGATGGAGCGAAC,Antibody Capture
FCER1A,anti-human Fc eta RI beta,R2,5PNNNNNNNNNN(BC)NNNNNNNNN,CTCGTTTCCGTATCG,Antibody Capture
ITGA2B,anti-human CD41,R2,5PNNNNNNNNNN(BC)NNNNNNNNN,ACGTTGTGGCCTTGT,Antibody Capture
TNFRSF9,anti-human CD137 (4-1BB),R2,5PNNNNNNNNNN(BC)NNNNNNNNN,CAGTAAGTTCGGGAC,Antibody Capture
CD163,anti-human CD163,R2,5PNNNNNNNNNN(BC)NNNNNNNNN,GCTTCTCCTTCCTTA,Antibody Capture
CD83,anti-human CD83,R2,5PNNNNNNNNNN(BC)NNNNNNNNN,CCACTCATTTCCGGT,Antibody Capture
IL4R,anti-human CD124 (IL-4Ralpha),R2,5PNNNNNNNNNN(BC)NNNNNNNNN,CCGTCCTGATAGATG,Antibody Capture
ANPEP,anti-human CD13,R2,5PNNNNNNNNNN(BC)NNNNNNNNN,TTTCAACGCCCTTTC,Antibody Capture
CD2,anti-human CD2,R2,5PNNNNNNNNNN(BC)NNNNNNNNN,TACGATTTGTCAGGG,Antibody Capture
CD226,anti-human CD226 (DNAM-1),R2,5PNNNNNNNNNN(BC)NNNNNNNNN,TCTCAGTGTTTGTGG,Antibody Capture
ITGB1,anti-human CD29,R2,5PNNNNNNNNNN(BC)NNNNNNNNN,GTATTCCCTCAGTCA,Antibody Capture
CLEC4C,anti-human CD303 (BDCA-2),R2,5PNNNNNNNNNN(BC)NNNNNNNNN,GAGATGTCCGAATTT,Antibody Capture
ITGA2,anti-human CD49b,R2,5PNNNNNNNNNN(BC)NNNNNNNNN,GCTTTCTTCAGTATG,Antibody Capture
CD81,anti-human CD81 (TAPA-1),R2,5PNNNNNNNNNN(BC)NNNNNNNNN,GTATCCTTCCTTGGC,Antibody Capture
IGHD,anti-human IgD,R2,5PNNNNNNNNNN(BC)NNNNNNNNN,CAGTCTCCGTAGAGT,Antibody Capture
ITGB2,anti-human CD18,R2,5PNNNNNNNNNN(BC)NNNNNNNNN,TATTGGGACACTTCT,Antibody Capture
CD28,anti-human CD28,R2,5PNNNNNNNNNN(BC)NNNNNNNNN,TGAGAACGACCCTAA,Antibody Capture
CD38,anti-human CD38,R2,5PNNNNNNNNNN(BC)NNNNNNNNN,TGTACCCGCTTGTGA,Antibody Capture
IL7R,anti-human CD127 (IL-7Ralpha),R2,5PNNNNNNNNNN(BC)NNNNNNNNN,GTGTGTTGTCCTATG,Antibody Capture
PTPRC,anti-human CD45,R2,5PNNNNNNNNNN(BC)NNNNNNNNN,TGCAATTACCCGGAT,Antibody Capture
CD22,anti-human CD22,R2,5PNNNNNNNNNN(BC)NNNNNNNNN,GGGTTGTTGTCTTTG,Antibody Capture
TFRC,anti-human CD71,R2,5PNNNNNNNNNN(BC)NNNNNNNNN,CCGTGTTCCTCATTA,Antibody Capture
DPP4,anti-human CD26,R2,5PNNNNNNNNNN(BC)NNNNNNNNN,GGTGGCTAGATAATG,Antibody Capture
CD36,anti-human CD36,R2,5PNNNNNNNNNN(BC)NNNNNNNNN,TTCTTTGCCTTGCCA,Antibody Capture
KIR2DL1,anti-human CD158 (KIR2DL1/S1/S3/S5),R2,5PNNNNNNNNNN(BC)NNNNNNNNN,TATCAACCAACGCTT,Antibody Capture
ITGA1,anti-human CD49a,R2,5PNNNNNNNNNN(BC)NNNNNNNNN,ACTGATGGACTCAGA,Antibody Capture
ITGA4,anti-human CD49d,R2,5PNNNNNNNNNN(BC)NNNNNNNNN,CCATTCAACTTCCGG,Antibody Capture
NT5E,anti-human CD73 (Ecto-5'-nucleotidase),R2,5PNNNNNNNNNN(BC)NNNNNNNNN,CAGTTCCTCAGTTCG,Antibody Capture
h_TCR_Va7.2,anti-human TCR Valpha7.2,R2,5PNNNNNNNNNN(BC)NNNNNNNNN,TACGAGCAGTATTCA,Antibody Capture
h_TCR_Vd2,anti-human TCR Vdelta2,R2,5PNNNNNNNNNN(BC)NNNNNNNNN,TCAGTCAGATGGTAT,Antibody Capture
OLR1,anti-human LOX-1,R2,5PNNNNNNNNNN(BC)NNNNNNNNN,ACCCTTTACCGAATA,Antibody Capture
KIR2DL3,"anti-human CD158b (KIR2DL2/L3,  NKAT2)",R2,5PNNNNNNNNNN(BC)NNNNNNNNN,GACCCGTAGTTTGAT,Antibody Capture
KIR3DL1,"anti-human CD158e1 (KIR3DL1, NKB1)",R2,5PNNNNNNNNNN(BC)NNNNNNNNN,GGACGCTTTCCTTGA,Antibody Capture
SLAMF7,anti-human CD319 (CRACC),R2,5PNNNNNNNNNN(BC)NNNNNNNNN,AGTATGCCATGTCTT,Antibody Capture
CD99,anti-human CD99,R2,5PNNNNNNNNNN(BC)NNNNNNNNN,ACCCGTCCCTAAGAA,Antibody Capture
CLEC12A,anti-human CLEC12A,R2,5PNNNNNNNNNN(BC)NNNNNNNNN,CATTAGAGTCTGCCA,Antibody Capture
SLAMF6,anti-human CD352 (NTB-A),R2,5PNNNNNNNNNN(BC)NNNNNNNNN,AGTTTCCACTCAGGC,Antibody Capture
KLRD1,anti-human CD94,R2,5PNNNNNNNNNN(BC)NNNNNNNNN,CTTTCCGGTCCTACA,Antibody Capture
IGKC,anti-human Ig light chain lambda,R2,5PNNNNNNNNNN(BC)NNNNNNNNN,AGCTCAGCCAGTATG,Antibody Capture
LILRB1,anti-human CD85j (ILT2),R2,5PNNNNNNNNNN(BC)NNNNNNNNN,CCTTGTGAGGCTATG,Antibody Capture
FCER2,anti-human CD23,R2,5PNNNNNNNNNN(BC)NNNNNNNNN,TCTGTATAACCGTCT,Antibody Capture
h_Ig_L_lambda,anti-human Ig light chain lambda,R2,5PNNNNNNNNNN(BC)NNNNNNNNN,CAGCCAGTAAGTCAC,Antibody Capture
SIGLEC7,anti-human CD328 (Siglec-7),R2,5PNNNNNNNNNN(BC)NNNNNNNNN,CTTAGCATTTCACTG,Antibody Capture
ADGRG1,anti-human GPR56,R2,5PNNNNNNNNNN(BC)NNNNNNNNN,GCCTAGTTTCCGTTT,Antibody Capture
HLA-E,anti-human HLA-E,R2,5PNNNNNNNNNN(BC)NNNNNNNNN,GAGTCGAGAAATCAT,Antibody Capture
CD82,anti-human CD82,R2,5PNNNNNNNNNN(BC)NNNNNNNNN,TCCCACTTCCGCTTT,Antibody Capture
CD101,anti-human CD101 (BB27),R2,5PNNNNNNNNNN(BC)NNNNNNNNN,CTACTTCCCTGTCAA,Antibody Capture
C5AR1,anti-human CD88 (C5aR),R2,5PNNNNNNNNNN(BC)NNNNNNNNN,GCCGCATGAGAAACA,Antibody Capture
GGT1,anti-human CD224,R2,5PNNNNNNNNNN(BC)NNNNNNNNN,CTGATGAGATGTCAG,Antibody Capture
